<?xml version="1.0" encoding="UTF-8"?>
<datasources>
  <local-tx-datasource>
    <jndi-name>jdbc/PolopolyDB</jndi-name>
    <connection-url>jdbc:mysql://localhost:3306/polopoly</connection-url>
    <driver-class>com.mysql.jdbc.Driver</driver-class>
    <user-name>cmuser</user-name>
    <password>cmpasswd</password>
    <exception-sorter-class-name>
      com.mysql.jdbc.integration.jboss.ExtendedMysqlExceptionSorter
    </exception-sorter-class-name>
    <valid-connection-checker-class-name>
      com.mysql.jdbc.integration.jboss.MysqlValidConnectionChecker
    </valid-connection-checker-class-name>
    <min-pool-size>5</min-pool-size>
    <max-pool-size>50</max-pool-size>
    <idle-timeout-minutes>5</idle-timeout-minutes>
    <transaction-isolation>TRANSACTION_READ_COMMITTED</transaction-isolation>
  </local-tx-datasource>
</datasources>
