<server>
  <mbean code="org.jboss.mq.server.jmx.Topic"
         name="jboss.mq.destination:service=Topic,name=jms/PolopolyTopic">
    <depends optional-attribute-name="DestinationManager">jboss.mq:service=DestinationManager</depends>
    <depends optional-attribute-name="SecurityManager">jboss.mq:service=SecurityManager</depends>
    <attribute name="JNDIName">jms/PolopolyTopic</attribute>
    <attribute name="SecurityConf">
      <security>
        <role name="guest" read="true" write="true" create="true"/>
        <role name="publisher" read="true" write="true" create="false"/>
        <role name="durpublisher" read="true" write="true" create="true"/>
      </security>
    </attribute>
  </mbean>
</server>
