<?xml version="1.0" encoding="UTF-8"?>

<!-- ===================================================================== -->
<!--    -->
<!--  JBoss Server Configuration    -->
<!-- Thanks to Horia Muntean <horia@bvb.ro>   -->
<!-- ===================================================================== -->

<!-- $Id: db2-xa-ds.xml 23720 2004-09-15 14:37:40Z loubyansky $ -->


<datasources>
   <!--
       XADatasource for DB2 V8.1 (app driver)
       copy $db2_install_dir/java/db2java.zip into $jboss_install_dir/server/default/lib
   -->

   <xa-datasource>
     <jndi-name>DB2XADS</jndi-name>

     <xa-datasource-class>COM.ibm.db2.jdbc.DB2XADataSource</xa-datasource-class>
     <xa-datasource-property name="DatabaseName">yout_database_name</xa-datasource-property>
     <xa-datasource-property name="User">your_user</xa-datasource-property>
     <xa-datasource-property name="Password">your_password</xa-datasource-property>

      <!-- corresponding type-mapping in the standardjbosscmp-jdbc.xml (optional) -->
      <metadata>
         <type-mapping>DB2</type-mapping>
      </metadata>
   </xa-datasource>

</datasources>
